,x,y,majoraxislength,minoraxislength,angle,count,counterr,magnitude,magnitudeerr
0,572.3533325195312,356.841064453125,24.19611358642578,42.183189392089844,106.572265625,423348.85152838426,650.6526350737267,11.23325403513983,0.02
1,970.926513671875,753.5177612304688,11.140453338623047,14.385122299194336,62.43720626831055,7811.600771456084,88.38326069712569,15.568149900910573,0.02
2,850.5403442382812,943.6646118164062,7.712028980255127,11.210411071777344,98.97335815429688,3222.273626373615,56.765074001304846,16.52959395822583,0.02
3,612.9662475585938,196.5594482421875,6.148129940032959,7.100381851196289,71.19341278076172,1752.5214105793566,41.86312709986387,17.190841668867357,0.02
4,661.9419555664062,103.58773803710938,7.6459455490112305,9.210626602172852,64.66284942626953,3436.989571263024,58.62584388529537,16.459554464063245,0.02
5,759.723388671875,678.7872314453125,7.180672645568848,8.131103515625,157.5,2142.0180940892606,46.281941338812274,16.97294216227356,0.02
6,2200.202880859375,278.08685302734375,39.6884765625,48.280029296875,144.54241943359375,463936.3657448711,681.1287438839086,11.13385395971773,0.02
7,1569.18115234375,288.3173522949219,6.482999563217163,7.603802680969238,73.29470825195312,1978.089887640468,44.47572245214762,17.059384943096767,0.02
8,512.9888916015625,776.7742919921875,24.29517936706543,30.286962509155273,23.981534957885742,130282.36295369221,360.9464821184606,12.51278593290448,0.02
9,912.8862915039062,72.22623443603516,8.123113632202148,8.791180610656738,96.23535919189453,4096.391003460187,64.00305464163556,16.268996490834574,0.02
10,1306.1478271484375,257.3942565917969,11.837456703186035,12.482415199279785,132.47613525390625,15788.418145956588,125.65197231224263,14.80415345029531,0.02
11,1484.5631103515625,909.7361450195312,7.590672016143799,8.892421245574951,66.46478271484375,1811.0374707260053,42.55628591319977,17.155181409884115,0.02
12,904.2999877929688,321.31585693359375,21.425580978393555,23.539133071899414,98.23948669433594,204429.24210526329,452.1385209261242,12.023642453625438,0.02
13,2000.5748291015625,776.1533813476562,11.551514625549316,12.526501655578613,163.57997131347656,11666.66402378591,108.01233273930302,15.13263327187818,0.02
14,2015.1678466796875,555.1322631835938,17.991990089416504,20.97285270690918,19.694799423217773,78270.59045419563,279.7688160860599,13.066003474890955,0.02
15,845.1609497070312,530.957275390625,7.225299835205078,8.710447788238525,98.38902282714844,2514.792697290919,50.14770879403085,16.79874452367052,0.02
16,679.6156616210938,548.928466796875,7.099302291870117,8.334462642669678,77.23377990722656,2446.614832535881,49.46326750767564,16.828585989238647,0.02
17,1958.8917236328125,572.9581909179688,13.70619010925293,15.686902046203613,53.1319580078125,19960.121645795996,141.28029461250424,14.549592040645548,0.02
18,602.7996215820312,706.5668334960938,14.647733688354492,17.89599323272705,160.3284912109375,18206.616426756955,134.9318955130956,14.649426893300351,0.02
19,1666.666748046875,899.4476928710938,7.127349376678467,11.417352676391602,67.30825805664062,3098.5446428571595,55.664572601046345,16.57210560572714,0.02
20,1238.6639404296875,659.03173828125,23.23042106628418,30.870704650878906,101.23301696777344,122581.89751750487,350.11697690558344,12.578934150578483,0.02
21,2191.5302734375,528.673583984375,9.365213394165039,11.234990119934082,141.0233154296875,6368.342553191469,79.80189567417223,15.78993395984698,0.02
22,1184.0286865234375,334.00762939453125,24.399133682250977,25.248809814453125,59.5256233215332,348105.78618421056,590.0049035255644,11.445721894626187,0.02
23,238.43589782714844,349.35699462890625,9.187546730041504,10.523775577545166,86.7636489868164,5758.596949891071,75.88541987688458,15.89920829280694,0.02
24,592.8976440429688,364.2304992675781,5.602421998977661,9.569454669952393,29.469438552856445,2980.751807228924,54.59626184299548,16.61418546015184,0.02
25,1566.496826171875,505.9531555175781,16.526782035827637,31.988191604614258,62.31477737426758,40835.06271301978,202.07687327603765,13.772416932752828,0.02
26,1095.5020751953125,267.39349365234375,14.453720092773438,23.839094161987305,72.2266616821289,44038.15666406858,209.85270230346947,13.690427169719475,0.02
27,1967.8834228515625,255.06800842285156,11.241707801818848,15.130350112915039,47.75696563720703,11193.087038789003,105.79738672948875,15.17762529775083,0.02
28,729.788818359375,668.1189575195312,23.60698127746582,27.85222053527832,57.785892486572266,61306.17385705095,247.60083573576836,13.33123946880039,0.02
29,140.109375,765.137939453125,13.937686920166016,23.965343475341797,175.64662170410156,34970.373522458714,187.00367248388122,13.940749322295494,0.02
30,1660.8009033203125,375.125,7.260898113250732,10.043106079101562,44.02627944946289,3529.2602739725844,59.40757758041128,16.430790780862665,0.02
31,1868.890380859375,160.43394470214844,21.70524024963379,25.622333526611328,71.02608489990234,97855.86648501363,312.81922333036636,12.823532832891855,0.02
32,604.296142578125,262.30023193359375,35.11954116821289,37.19382095336914,69.9599838256836,1566918.377708978,1251.766103435054,9.812384064402613,0.02
33,1967.9019775390625,678.4596557617188,10.53456163406372,11.32609748840332,146.60787963867188,7404.329886246123,86.04841594268963,15.626285600748407,0.02
34,646.3643798828125,609.6395263671875,12.695976257324219,16.56174373626709,90.1240005493164,13190.420765027287,114.84955709547724,14.999353376370076,0.02
35,621.390380859375,908.0404052734375,9.546529769897461,11.79633617401123,111.50120544433594,7141.0283018867485,84.50460521111704,15.665598114229168,0.02
36,1849.5682373046875,400.504150390625,10.890418529510498,12.068906784057617,80.90007781982422,12260.376663254865,110.7265851693028,15.078740468047211,0.02
37,778.718505859375,874.743896484375,43.050628662109375,81.7177505493164,58.43119430541992,537361.5956448913,733.0495178668978,10.974333437776728,0.02
38,2123.146728515625,717.20068359375,14.746284484863281,17.244938850402832,122.1951904296875,31592.89923142607,177.74391475216828,14.051026294335374,0.02
39,2031.6417236328125,308.2215270996094,52.48375701904297,54.9714469909668,42.934635162353516,7743090.271282634,2782.64088076105,8.077714193927125,0.02
40,253.76437377929688,431.99468994140625,32.34207534790039,51.91896438598633,83.52135467529297,868833.0219078045,932.1121294714518,10.452659202814052,0.02
41,1820.8291015625,407.7934265136719,17.118873596191406,23.457477569580078,72.9243392944336,90966.01055011316,301.60572035376447,12.90280212875742,0.02
42,1086.8782958984375,918.91064453125,7.035660266876221,7.130867958068848,160.24192810058594,1301.6633291614417,36.07857160644586,17.51375332512366,0.02
43,930.6828002929688,590.537109375,22.336515426635742,28.915803909301758,68.76515197753906,268392.50583657576,518.0661211048024,11.728074037197075,0.02
44,708.3467407226562,658.6677856445312,5.805166482925415,7.544252395629883,112.8354721069336,577.9441624365572,24.04046926406715,18.395285296323642,0.02
45,1573.4166259765625,72.0912857055664,6.290464162826538,6.7887046337127686,15.576279640197754,2204.86404066073,46.95597981791808,16.9415454635757,0.02
46,1568.435302734375,821.311279296875,9.200784683227539,9.559023380279541,29.752971649169922,2962.438674033154,54.42828928078811,16.620876578239134,0.02
47,1934.403076171875,585.27734375,13.14588737487793,15.170390129089355,51.77198028564453,13371.416211293312,115.63483995445884,14.98455648181183,0.02
48,650.5587158203125,438.6171569824219,7.269758224487305,10.151062488555908,109.35041809082031,3539.436781609198,59.49316583952478,16.42766460065558,0.02
49,2182.05322265625,641.0001831054688,15.757047653198242,32.70426368713379,64.56619262695312,82228.90217391308,286.7558232606848,13.012438769761143,0.02
50,1481.462158203125,188.6156463623047,5.940654993057251,6.361465692520142,132.26467895507812,1690.3160621761635,41.113453542315845,17.230080204109086,0.02
51,734.9845581054688,516.645263671875,9.534133434295654,11.012105941772461,78.30365753173828,5864.965957446839,76.58306573549298,15.87933626088984,0.02
52,1532.1689453125,222.3506317138672,15.848077774047852,16.94606876373291,80.69715118408203,59537.28907563025,244.00264153412408,13.363027360161189,0.02
53,2123.533203125,880.6970825195312,8.403446197509766,9.649579524993896,109.56214141845703,4086.2248587570502,63.9235860911843,16.271694346198206,0.02
54,1979.15771484375,860.6885375976562,21.615081787109375,26.171001434326172,46.17051315307617,177196.89473684202,420.94761519319957,12.17885973279385,0.02
55,1010.0736083984375,584.7797241210938,18.710028648376465,31.976587295532227,141.32809448242188,98183.08735332475,313.3418059457192,12.819908289231863,0.02
56,737.7689208984375,173.6929931640625,6.971221923828125,8.499748229980469,132.50143432617188,2963.8157894736796,54.440938543284496,16.62037198157423,0.02
57,1818.0950927734375,623.7225341796875,7.131069183349609,8.168766021728516,53.81911087036133,2771.7745454545657,52.64764520331907,16.69310524471679,0.02
58,236.99575805664062,258.7945251464844,10.49430799484253,13.772802352905273,119.78876495361328,9199.442477876088,95.91372413724788,15.390596229494477,0.02
59,1547.2825927734375,270.6678771972656,14.236844062805176,22.5377254486084,36.20448684692383,27564.42800318217,166.0253836110074,14.199127538130393,0.02
60,1561.6815185546875,864.1953125,33.320730209350586,42.48615646362305,169.68040466308594,319619.18434093194,565.3487280793439,11.538417902843197,0.02
61,312.5,121.5,5.654477119445801,6.439424514770508,122.6124267578125,1477.6921086675284,38.44076103132622,17.376040114846568,0.02
62,644.978759765625,534.060302734375,5.303693056106567,5.84536600112915,103.86480712890625,1273.3310901749646,35.68376507846341,17.537646642200826,0.02
63,908.1392211914062,849.7234497070312,8.809331893920898,17.68307590484619,116.53376770019531,7230.480457578669,85.03223187461722,15.652082108374174,0.02
64,2070.0,90.5,5.1213202476501465,6.0,0.0,1247.8844621514,35.325408166805374,17.559564057012423,0.02
65,346.9061584472656,301.1299133300781,40.31851577758789,42.9968147277832,30.509424209594727,2417314.149907749,1554.7714140373655,9.341667264438357,0.02
66,545.6038818359375,443.10150146484375,5.206480979919434,6.298371315002441,111.35649108886719,1322.694148936178,36.3688623541647,17.49635141898215,0.02
67,694.492431640625,375.48046875,25.52557945251465,29.498435974121094,168.47279357910156,186608.83612662926,431.9824488641052,12.122669489493886,0.02
68,623.2561645507812,225.00338745117188,19.98650360107422,21.071331024169922,125.73865509033203,57467.27442207304,239.72332890662318,13.401448500619898,0.02
69,648.2959594726562,581.3729248046875,7.343669414520264,9.128153324127197,111.69066619873047,2719.5070257611223,52.148892852687894,16.713774537152965,0.02
70,1856.221923828125,92.91971588134766,14.29488468170166,15.40398120880127,58.99776840209961,27648.97862867324,166.27982026894676,14.195802267961868,0.02
71,590.8479614257812,928.2091064453125,15.077784538269043,20.78907012939453,14.16947078704834,38425.70850202418,196.02476502223942,13.838445290332887,0.02
72,2164.736083984375,275.1559753417969,12.341240882873535,15.979424476623535,106.38977813720703,13674.30937215651,116.93720268655527,14.96023649675243,0.02
73,602.8400268554688,182.93643188476562,6.201242923736572,11.10352611541748,107.98870086669922,2726.926689576183,52.219983622902284,16.710816343576887,0.02
74,797.9149169921875,816.5984497070312,6.19347620010376,7.209690093994141,101.3282241821289,1711.0621039290272,41.364986449037154,17.216835568046427,0.02
75,1701.1734619140625,116.46399688720703,19.738109588623047,20.366117477416992,61.819156646728516,51304.89191232063,226.50583196094672,13.524603057530559,0.02
76,1455.7354736328125,172.7486572265625,6.720442056655884,7.277548789978027,70.34774017333984,2048.7109181141423,45.262687924096404,17.021298295218358,0.02
77,531.1548461914062,557.519775390625,11.078385353088379,19.036235809326172,96.00892639160156,10276.725647899904,101.3741862995699,15.27036309359691,0.02
78,835.3305053710938,913.9498291015625,10.194746971130371,17.915836334228516,58.15480422973633,7292.418943533674,85.39566115168658,15.642820973589517,0.02
79,582.4122924804688,687.1082153320312,9.997802734375,10.086484909057617,97.7281265258789,6032.584864864883,77.66971652365471,15.848741399580565,0.02
80,2177.58447265625,395.1291198730469,9.419543266296387,15.330005645751953,129.5648956298828,9789.16650246305,98.94021681026906,15.323135711450036,0.02
81,1852.2664794921875,756.9463500976562,15.621902465820312,20.134777069091797,103.90704345703125,23882.23289902287,154.53877474285497,14.35481267685609,0.02
82,797.6122436523438,179.35023498535156,11.27040958404541,13.127053260803223,114.1001205444336,10285.356083086052,101.41674458927407,15.269451670656638,0.02
83,1798.0767822265625,778.1194458007812,5.695934534072876,9.451457023620605,124.78512573242188,1381.957729468617,37.17469205613702,17.448763101773736,0.02
84,742.0010986328125,263.9998474121094,3.1438074558973312,3.1440841406583786,44.990013122558594,496.5874233128852,22.28424159160202,18.560010709209877,0.02
85,1403.6258544921875,883.3297729492188,15.906306266784668,16.868399620056152,122.2871322631836,13047.686971235205,114.22647228744835,15.0111661776463,0.02
86,1969.9090576171875,927.6416625976562,9.957181453704834,11.038680076599121,109.87928009033203,7314.405036726093,85.52429500864706,15.639552485458218,0.02
87,2104.5,726.5,6.0,7.242640495300293,45.0,1943.181112548511,44.08152801966501,17.07871679866168,0.02
88,418.557373046875,655.724365234375,18.76339817047119,29.24068260192871,136.7286376953125,63123.647457627114,251.24419885367922,13.299519785865666,0.02
89,1779.412109375,369.9388427734375,20.748624801635742,30.0247802734375,119.47904968261719,117676.16329196608,343.03959435022375,12.623278749415856,0.02
90,1380.6844482421875,628.5845947265625,7.74322509765625,8.679656028747559,53.551212310791016,3062.4084507042426,55.339031891642655,16.58484221366915,0.02
91,1276.2275390625,550.7183227539062,14.23171615600586,18.14964771270752,95.62774658203125,23362.81276595744,152.84898680055892,14.378687178813923,0.02
92,1949.2293701171875,241.43150329589844,12.296092987060547,18.99252414703369,50.66584396362305,17844.89316987747,133.58477896031968,14.671215119112718,0.02
93,1665.21240234375,727.5284423828125,7.821966171264648,8.238578796386719,74.2864761352539,2989.9929161747277,54.680827683702155,16.610824601488147,0.02
94,262.9700622558594,220.5316925048828,15.734971046447754,19.54897117614746,154.45762634277344,36580.98524590174,191.2615623848706,13.891861504318484,0.02
95,1715.8125,263.59161376953125,6.463811159133911,7.309974193572998,59.69227600097656,2262.6834170854418,47.567671974624126,16.913440515058902,0.02
96,743.5933227539062,661.5933227539062,4.407549738883972,7.56132173538208,141.9322509765625,966.0865006553067,31.081932061171916,17.837459965857178,0.02
97,760.7676391601562,906.1194458007812,7.709944725036621,9.65130090713501,98.04711151123047,351.9826789838262,18.761201426982925,18.933696768910007,0.02
98,743.0,920.0,4.632993221282959,5.828427076339722,135.0,958.8917808219121,30.965977795346816,17.845576009820732,0.02
99,748.7377319335938,326.2657165527344,12.06396198272705,16.128100395202637,106.28986358642578,19005.20531622367,137.859367894328,14.602818585709768,0.02
100,716.8409423828125,597.3206787109375,7.668591022491455,8.9899263381958,102.1939926147461,3386.0664335664187,58.189916940707334,16.47576131355333,0.02
101,713.0778198242188,813.859130859375,11.45932674407959,13.087190628051758,93.98856353759766,13794.587020648934,117.4503598148977,14.950728242010198,0.02
102,725.0,738.5,5.1213202476501465,6.0,0.0,1094.134130146078,33.07769838042058,17.702323586204848,0.02
103,710.5,516.5,6.162277698516846,6.162277698516846,0.0,1627.3187660668336,40.340039242256985,17.27131841823558,0.02
104,706.5654296875,928.5584716796875,9.77631139755249,11.274374008178711,81.44646453857422,5010.692468619207,70.78624491113516,16.050255628186818,0.02
105,738.1015014648438,388.3961181640625,5.206480979919434,6.2983715534210205,21.356496810913086,1311.2799999999988,36.211600351268636,17.50576140679498,0.02
106,732.0476684570312,454.0142517089844,7.515953063964844,8.899094104766846,83.33229064941406,3310.461899179354,57.536613553278876,16.500278515357117,0.02
107,804.4573364257812,906.2271728515625,8.477206707000732,11.460650444030762,69.84317779541016,3953.4285714285797,62.87629578329643,16.307565258528065,0.02
108,816.1699829101562,882.841796875,10.875822067260742,18.86593532562256,93.13519287109375,11615.357586512808,107.77456836616331,15.137418539033273,0.02
109,818.978759765625,499.9396667480469,5.303694725036621,5.845378160476685,76.13611602783203,1333.050000000003,36.51095725943108,17.487883901940123,0.02
110,771.0921020507812,401.6172180175781,13.269721984863281,15.2903470993042,101.74842071533203,27863.846153846127,166.9246720944694,14.187397341091762,0.02
111,786.8978271484375,197.01121520996094,8.489471435546875,10.51466703414917,56.45949172973633,4314.383259911847,65.68396501363058,16.21270319451878,0.02
112,785.1968994140625,497.75787353515625,8.92748498916626,10.76732349395752,93.95214080810547,4301.612377850164,65.58667835658522,16.215921817126876,0.02
113,787.3811645507812,708.572998046875,7.514676570892334,8.616144180297852,105.11614227294922,2741.6106508875673,52.36039200471638,16.704985553458975,0.02
114,609.5195922851562,495.51959228515625,5.6761744022369385,7.016696929931641,135.0,1746.2503225806577,41.78816007651758,17.194733751628924,0.02
115,620.0638427734375,425.7875061035156,7.969740390777588,9.580587387084961,104.43023681640625,3994.3478760046128,63.20085344364119,16.29638528553733,0.02
116,605.7630004882812,575.3394775390625,7.589118957519531,8.3287034034729,129.963623046875,2979.4499411071884,54.58433787367204,16.614659767319374,0.02
117,604.5,821.5,6.0,7.242640495300293,45.0,1794.1707632600155,42.35765294796226,17.165340561518278,0.02
118,599.7167358398438,138.81414794921875,9.409851551055908,13.524330139160156,62.38551330566406,6120.2854230377125,78.23225308680374,15.83307080952179,0.02
119,627.6195678710938,754.1868286132812,9.658472061157227,10.181824684143066,74.729248046875,6060.380434782652,77.84844529457638,15.843750281357828,0.02
120,637.1845092773438,564.06103515625,6.953003644943237,8.6189284324646,121.73078918457031,2890.0323741007305,53.759021327594226,16.647743230639293,0.02
121,579.8151245117188,751.1036987304688,5.577665328979492,6.964038133621216,18.182247161865234,1729.4596670934698,41.586772741984554,17.20522390439435,0.02
122,587.4834594726562,413.4921569824219,8.624016761779785,12.997041702270508,116.928466796875,7006.777548918617,83.70649645588219,15.686204175657634,0.02
123,569.7638549804688,62.44382858276367,5.834705829620361,6.907086610794067,104.78215026855469,1846.981958762888,42.976527998000115,17.133843366770257,0.02
124,586.7996826171875,640.5426635742188,6.255687713623047,6.944849491119385,91.78892517089844,1993.8770595690585,44.65285052008504,17.050754058386868,0.02
125,688.6124267578125,667.5875854492188,22.195436477661133,40.16572952270508,165.1551055908203,84903.99146757647,291.3828949467976,12.977679731056906,0.02
126,684.28125,648.3206176757812,5.861591100692749,12.050662994384766,92.4243392944336,3263.80586907448,57.1297284176503,16.515689202382028,0.02
127,683.1019897460938,873.0260620117188,14.714493751525879,16.371270179748535,99.36174011230469,26263.09590235399,162.0589272528792,14.251635201132466,0.02
128,688.5000610351562,558.9999389648438,3.072094716131687,3.1167852953076363,58.25944900512695,422.1392801251932,20.54602832970872,18.736360586991868,0.02
129,674.6817016601562,929.1188354492188,15.3269681930542,18.054508209228516,46.34868621826172,23055.601175482734,151.8407098754571,14.393058872638669,0.02
130,680.0,917.0,6.464101552963257,6.464101552963257,0.0,638.9028132992098,25.276526923199118,18.286412998805538,0.02
131,706.0,822.0,6.577708721160889,7.618802070617676,135.0,1129.7389162561449,33.611589017125404,17.66755477697776,0.02
132,650.42578125,690.5973510742188,5.7832372188568115,6.189904451370239,32.12076187133789,1388.0090791180264,37.255993868343204,17.444019232761335,0.02
133,648.6284790039062,659.9967041015625,4.760973215103149,5.477636337280273,89.40545654296875,1074.0217391304468,32.77227088760324,17.722467320127365,0.02
134,1031.336181640625,697.6256103515625,25.343530654907227,39.814552307128906,44.39104461669922,226816.32334997226,476.2523735898565,11.910814234173138,0.02
135,1017.3961181640625,681.8984985351562,5.206480979919434,6.298371315002441,111.35649108886719,680.3888149134436,26.084263741065104,18.21810708619842,0.02
136,1018.898193359375,795.79248046875,19.227346420288086,20.615062713623047,122.36247253417969,40588.17136329017,201.46506238871834,13.779001286754964,0.02
137,1010.3855590820312,603.8182373046875,6.129507541656494,7.124175071716309,83.27423095703125,106.42131979696569,10.31607094765084,20.2324283985549,0.02
138,1035.7889404296875,886.1486206054688,11.997597694396973,19.490022659301758,81.65159606933594,11086.567804024555,105.29277185079968,15.188007206420991,0.02
139,1038.148681640625,760.5484008789062,6.468671083450317,7.976908206939697,35.472076416015625,1719.5392156862654,41.467327086349144,17.21146978810166,0.02
140,1035.6038818359375,398.89849853515625,5.206480979919434,6.2983715534210205,68.64349365234375,1426.421542553202,37.76799627400429,17.414380277110265,0.02
141,1031.3179931640625,370.6889953613281,8.840009212493896,9.36065673828125,16.69429588317871,4412.993166287022,66.43036328582753,16.18816686269073,0.02
142,983.4990234375,610.9993286132812,3.043595865368843,3.143801048398018,0.0,438.86750788643985,20.949164849378597,18.69416642877148,0.02
143,979.6065063476562,908.5409545898438,9.671973705291748,14.554957389831543,86.60204315185547,7317.936381709762,85.54493779125544,15.639028425902053,0.02
144,984.3333129882812,107.33333587646484,5.657209634780884,7.117115497589111,96.99104309082031,1531.140485312906,39.12979025388337,17.337462400136925,0.02
145,979.3200073242188,131.99229431152344,7.1096062660217285,9.133953094482422,78.48053741455078,2849.324705882347,53.379066176567264,16.663145140557404,0.02
146,990.7028198242188,941.8790283203125,6.636435508728027,9.225164413452148,80.90803527832031,2150.763033175346,46.376319745915005,16.96851859171327,0.02
147,993.4766845703125,623.7543334960938,9.021592140197754,10.204360485076904,123.54086303710938,5977.656699889223,77.31530702189072,15.858672575878565,0.02
148,975.0,884.1171875,5.16599702835083,6.693799018859863,90.0,875.424479166657,29.587573053000764,17.944453283848155,0.02
149,973.3833618164062,933.2249755859375,7.400148868560791,9.64792013168335,128.6649932861328,2520.162412993057,50.2012192381127,16.796428675036424,0.02
150,973.9685668945312,449.63897705078125,7.1626434326171875,8.466836929321289,167.19984436035156,2222.3945172824606,47.142279508764325,16.93294710755839,0.02
151,969.7451782226562,861.1005249023438,7.519495487213135,9.464399814605713,19.869152069091797,2455.704046242783,49.55506075309345,16.824559935468493,0.02
152,1003.3961181640625,772.1015014648438,5.206480979919434,6.298371315002441,68.64350891113281,1091.0093209054612,33.03043022586084,17.705428847634288,0.02
153,997.4356689453125,394.2359924316406,6.90929388999939,7.546689987182617,107.55047607421875,2227.2407862407854,47.19365196973832,16.930582072499256,0.02
154,994.995849609375,356.4466247558594,6.3020429611206055,6.94700026512146,118.24817657470703,1929.2050000000163,43.9227162183763,17.086554052924527,0.02
155,995.0,123.0,5.309401035308838,7.0,90.0,1544.6364812419051,39.30186358484678,17.327934280511318,0.02
156,997.0,49.0,4.632993221282959,5.828427076339722,135.0,1257.652054794511,35.46339034546064,17.551098738212872,0.02
157,1087.3714599609375,837.8125610351562,5.606361150741577,6.636346340179443,79.19355773925781,934.0104712041793,30.56158489352572,17.87412063715308,0.02
158,1092.8037109375,824.6258544921875,6.2026190757751465,8.620956897735596,96.20864868164062,1602.034063260333,40.02541771500121,17.28832063491047,0.02
159,1094.5,152.0,5.1213202476501465,6.0,90.0,1219.40770252324,34.92001865009868,17.584627665091105,0.02
160,1100.089599609375,248.69578552246094,11.07058334350586,16.61421489715576,133.9310302734375,8486.478664192953,92.12208564830127,15.478181190746218,0.02
161,1065.405029296875,883.8530883789062,25.31288719177246,40.91938400268555,52.43511962890625,96392.92459016386,310.4720995357938,12.839887107261108,0.02
162,1102.40185546875,900.4845581054688,14.791494369506836,16.07881259918213,106.2580337524414,18277.01765225071,135.19252069641541,14.645236671784224,0.02
163,1106.865478515625,784.8834838867188,6.631550312042236,7.28574275970459,38.979488372802734,1599.014925373136,39.9876846713227,17.29036870621143,0.02
164,1062.550537109375,324.8753356933594,7.214803695678711,8.652295112609863,98.14340209960938,2972.0900473933725,54.51687855511697,16.61734509150677,0.02
165,1048.98681640625,440.6698913574219,6.860961437225342,8.455641269683838,31.464277267456055,2012.4748201438924,44.86061546773397,17.040673861923185,0.02
166,1049.053466796875,897.5307006835938,4.75757098197937,7.454711437225342,125.38451385498047,632.795918367352,25.15543516553335,18.296840826921702,0.02
167,1071.1201171875,498.54071044921875,8.088836193084717,8.937915325164795,85.98674774169922,3369.2188940092165,58.044973029619165,16.481176931309335,0.02
168,1069.592041015625,359.4225158691406,13.028142929077148,13.75,69.18029022216797,20787.123222748865,144.17740191426972,14.505514023777307,0.02
169,1067.30810546875,451.8915100097656,6.843411922454834,8.875242233276367,96.70655822753906,2325.1360946745554,48.219665020347826,16.883879054852947,0.02
170,1067.765869140625,852.3607177734375,6.119778871536255,7.012201309204102,70.38262939453125,1419.9237611181743,37.681875764326996,17.419337433082053,0.02
171,1064.9306640625,43.25458526611328,16.257773399353027,17.808754920959473,35.22781753540039,26807.67654320982,163.7304997341968,14.229352063158256,0.02
172,874.4071655273438,907.0748291015625,14.422619819641113,16.11529541015625,99.23017883300781,29700.6315789473,172.33871178277764,14.118085788463258,0.02
173,868.5980834960938,419.704345703125,15.034686088562012,16.595134735107422,105.84268188476562,39054.42251082254,197.62191809316732,13.820824449070154,0.02
174,888.6607666015625,410.0516052246094,15.251646995544434,17.508651733398438,67.6067123413086,26688.870118845487,163.36728595053995,14.234174529519377,0.02
175,883.9700317382812,128.79986572265625,4.987420916557312,5.390255689620972,12.378811836242676,1201.7540983606596,34.666325134929714,17.60046097028894,0.02
176,894.3824462890625,653.1748046875,9.755751132965088,11.038777351379395,111.62361145019531,4937.515923566883,70.2674599197017,16.066228726891644,0.02
177,901.3021850585938,536.4219970703125,9.66565227508545,12.080876350402832,77.99690246582031,6513.779396462021,80.70798843027883,15.765417384661811,0.02
178,904.8611450195312,547.4072875976562,10.186355113983154,11.244611740112305,106.39105987548828,6821.196652719693,82.5905360965752,15.715348574324931,0.02
179,840.5858154296875,77.0,6.144273042678833,6.74212908744812,0.0,1780.5,42.19597137168429,17.17364505497432,0.02
180,843.0,579.0,6.295017957687378,6.295017957687378,0.0,1457.7654639175162,38.180694911401446,17.390780857260136,0.02
181,838.4949340820312,378.715087890625,10.325342178344727,18.77103900909424,141.9230499267578,10879.869133574073,104.30661116906288,15.20844082108643,0.02
182,843.0474853515625,929.7634887695312,5.937314987182617,8.266119480133057,137.98361206054688,1192.8467243510531,34.53761318260214,17.608538394271623,0.02
183,849.5361328125,900.751708984375,13.30105209350586,14.090368270874023,105.77030181884766,12182.838440111373,110.3758961010572,15.085628787619346,0.02
184,834.7130737304688,608.4916381835938,5.765978813171387,6.955577850341797,122.1556625366211,1660.3076923076878,40.74687340530176,17.249528549947524,0.02
185,833.2406616210938,515.553955078125,9.19432783126831,9.303880214691162,13.31873607635498,4274.483146067418,65.37953155282942,16.222790977416217,0.02
186,863.5833129882812,597.0,4.641476273536682,5.321398019790649,0.0,989.7067773167364,31.459605485713524,17.81123363940472,0.02
187,854.6666870117188,880.3333129882812,5.494438171386719,7.320493698120117,135.0,1355.6821705426264,36.819589494488206,17.469605289001464,0.02
188,944.6290893554688,447.5035095214844,7.397140979766846,9.821799278259277,87.3520278930664,3626.9712313003256,60.22434085401289,16.401139722943782,0.02
189,951.1705322265625,393.6260986328125,9.8991060256958,11.631750106811523,4.560530662536621,5868.002094240859,76.60288567828799,15.878774349581649,0.02
190,953.0,690.0,3.001257633790374,3.0030361984390765,67.4720230102539,396.82547169811005,19.92047870152999,18.803501147098,0.02
191,939.407470703125,198.7947235107422,5.7821173667907715,7.8108649253845215,155.1416778564453,1468.8291457286396,38.325306857592665,17.38257179606321,0.02
192,938.5816650390625,185.7987823486328,11.971719741821289,12.929954528808594,137.76962280273438,9002.54794520553,94.88175770508012,15.414086392530475,0.02
193,962.5601806640625,894.1494750976562,9.070572853088379,10.219324588775635,148.2797393798828,3951.8891328210593,62.86405278711403,16.307988119269364,0.02
194,960.0101318359375,377.1140441894531,8.717898845672607,9.516944885253906,91.90619659423828,3742.6711409395793,61.177374420120216,16.36704582892098,0.02
195,911.0060424804688,872.799072265625,5.256136894226074,7.310488224029541,73.18954467773438,1298.5446313066059,36.03532477037783,17.51635779741809,0.02
196,912.1867065429688,113.40501403808594,14.8629732131958,16.557772636413574,96.62602233886719,44446.85204525676,210.82422072726075,13.680397481435602,0.02
197,922.4039306640625,170.07858276367188,10.277680397033691,11.132862091064453,152.96836853027344,7582.501046025136,87.07755764848447,15.60046880276319,0.02
198,921.4426879882812,217.6654815673828,6.033281087875366,8.669576644897461,38.31029510498047,2103.2326431181573,45.86101441440385,16.992781716008427,0.02
199,904.537841796875,256.3843688964844,5.940648078918457,6.361458778381348,132.26368713378906,1597.0984455958533,39.96371411162698,17.291670782507076,0.02
200,928.5736694335938,847.1611328125,6.81133770942688,8.224748611450195,68.74048614501953,1542.6686819830793,39.27682117971208,17.32931834271144,0.02
201,191.31582641601562,115.426513671875,5.980416297912598,9.005464553833008,129.72755432128906,1952.138686131395,44.18301354741882,17.073723329785455,0.02
202,193.04293823242188,181.19100952148438,9.54274845123291,10.264137268066406,59.69434356689453,5706.206709956692,75.539438109882,15.909131249692672,0.02
203,194.25489807128906,306.4017639160156,11.387040138244629,12.126025199890137,137.0022735595703,9392.099198396842,96.91284330983609,15.368093322745185,0.02
204,179.13662719726562,435.1378479003906,8.745705604553223,10.960329532623291,83.97579193115234,4423.758433079463,66.51134063510871,16.185521491128295,0.02
205,206.27854919433594,414.96875,8.724950313568115,10.350779056549072,109.82560729980469,4423.475247524795,66.50921174938698,16.185590996426917,0.02
206,198.36770629882812,673.13525390625,5.248594760894775,6.289334297180176,58.954959869384766,1408.2188328912453,37.526241923369376,17.42832462979506,0.02
207,148.42538452148438,509.7939758300781,6.907474517822266,10.20751953125,128.00184631347656,3279.554006968654,57.267390432676905,16.51046303209442,0.02
208,164.4049835205078,896.4600830078125,8.823168754577637,11.164898872375488,125.9182357788086,5760.370530877553,75.89710489127734,15.89887395014862,0.02
209,260.0,400.19232177734375,5.216607093811035,7.212795257568359,167.2071990966797,1516.1472868217097,38.93773602588766,17.348146517296147,0.02
210,256.15240478515625,273.2029113769531,8.627727031707764,11.893559455871582,103.54798126220703,6339.090128755372,79.61840320400411,15.794932683536281,0.02
211,255.380615234375,715.8861083984375,6.290552377700806,6.840129613876343,6.756303787231445,1995.016414141428,44.66560661338238,17.050133816933407,0.02
212,264.09735107421875,203.04037475585938,6.853991270065308,7.324305534362793,155.22242736816406,1346.7139303482545,36.697601152503886,17.476811618832215,0.02
213,273.8301086425781,383.2314147949219,7.238128185272217,8.847207069396973,89.9994125366211,2902.2350176263135,53.87239569228673,16.64316855527504,0.02
214,291.2356872558594,512.9237060546875,23.766460418701172,24.35139274597168,68.6214370727539,276504.89911983744,525.8373314246883,11.69574292363001,0.02
215,286.0329895019531,935.9677734375,10.896995544433594,15.228533744812012,57.533851623535156,11694.352601156104,108.14043000264103,15.13005953928177,0.02
216,284.1111145019531,905.2095336914062,10.570513248443604,16.087862968444824,39.096282958984375,8213.847169811314,90.63027733495751,15.513633455168389,0.02
217,222.42813110351562,791.2838745117188,15.321911811828613,16.621102333068848,112.71919250488281,49600.11976047896,222.71084338325102,13.56129318723961,0.02
218,226.8468475341797,436.821044921875,8.133744239807129,12.45419979095459,160.0421905517578,8562.068230277218,92.53144454874364,15.468553289095075,0.02
219,216.16062927246094,939.6467895507812,10.120681762695312,12.36034870147705,106.1268310546875,10195.28115345008,100.97168490943429,15.279001983148074,0.02
220,216.8859100341797,49.74212646484375,8.770625591278076,10.313685894012451,23.200584411621094,5437.098017621145,73.7366802725831,15.961582094142639,0.02
221,50.696197509765625,617.5523681640625,10.802445888519287,12.953378677368164,144.04600524902344,7690.307692307688,87.69439943524152,15.585140708884577,0.02
222,50.0,499.0540466308594,5.7316930294036865,8.300895690917969,90.0,2046.1536555142375,45.23442997888044,17.022654390347185,0.02
223,48.97373962402344,306.344970703125,5.951873540878296,7.226268291473389,81.4136734008789,1605.0762388818257,40.06340273718429,17.286260835968136,0.02
224,61.01123046875,643.1543579101562,7.2330827713012695,9.189862728118896,125.24860382080078,3319.4800000000105,57.61492862097471,16.497324859127076,0.02
225,58.98834228515625,765.7597045898438,7.245437145233154,9.358977794647217,40.39781951904297,2963.017667844513,54.43360788928576,16.620664397266374,0.02
226,110.44873809814453,382.58935546875,10.717437744140625,12.972478866577148,152.43365478515625,8083.525576730201,89.90842884140619,15.530997958034797,0.02
227,111.64398956298828,148.2737579345703,10.375155448913574,12.940140724182129,98.50516510009766,6721.1238670694875,81.98246072831364,15.731395251719352,0.02
228,103.12776947021484,915.9268798828125,7.145488739013672,10.316203594207764,104.91593933105469,3225.6215596330294,56.79455572176817,16.528466466983293,0.02
229,130.41502380371094,343.0072326660156,9.832202434539795,12.895051956176758,117.14595794677734,8614.408121827408,92.81383583188128,15.461936391667212,0.02
230,133.09796142578125,166.6634521484375,6.196797132492065,8.550509929656982,59.972312927246094,2537.058823529427,50.3692249645498,16.7891736580808,0.02
231,82.28459167480469,617.68212890625,5.657221794128418,8.732000827789307,115.91561126708984,1859.438964241679,43.12121246256509,17.126545181778365,0.02
232,86.88851928710938,710.1069946289062,16.902664184570312,18.12402057647705,96.89600372314453,60125.31056910567,245.20462999116813,13.352356668308254,0.02
233,82.47904205322266,134.92193603515625,5.626102685928345,7.3630452156066895,146.32081604003906,1522.8405063291139,39.02358910106955,17.34336394955281,0.02
234,86.24480438232422,173.7118377685547,7.380094528198242,8.014087677001953,153.65350341796875,2825.3846153846243,53.154347097717455,16.672306059903853,0.02
235,73.45524597167969,607.5736083984375,6.625365972518921,8.730559825897217,133.7650909423828,2213.329369797866,47.04603458101295,16.93738488266728,0.02
236,89.54476165771484,920.1958618164062,6.320589542388916,6.672430992126465,106.32125854492188,1987.8174807197938,44.584946795076405,17.054058736410187,0.02
237,469.8352966308594,629.6693115234375,14.146669387817383,18.86204433441162,138.15652465820312,20967.752951096045,144.80246182677988,14.49612027257636,0.02
238,466.8086242675781,494.1812744140625,8.480544567108154,9.210400104522705,82.44519805908203,4366.044368600706,66.07604988648085,16.1997796380465,0.02
239,470.07147216796875,856.0277709960938,10.812340259552002,12.084239959716797,152.87315368652344,9520.237704918021,97.57170545254408,15.353380519625627,0.02
240,475.6028747558594,540.8817138671875,10.680863857269287,12.339531898498535,31.58772850036621,5588.168539325823,74.7540536648403,15.93182626006528,0.02
241,477.5831604003906,448.8641052246094,11.812085151672363,13.130797386169434,98.94514465332031,14143.624754420482,118.9269723587567,14.923598186194864,0.02
242,464.9013671875,543.7850341796875,5.3025221824646,7.475465297698975,117.73849487304688,1287.7387964148656,35.88507762865876,17.525430549699543,0.02
243,480.7768859863281,950.045166015625,8.636825561523438,10.609036922454834,9.480307579040527,4436.960526315786,66.61051363197694,16.182286087482613,0.02
244,481.29034423828125,276.8140563964844,7.502041339874268,9.601693153381348,92.0994873046875,3349.841801385657,57.8778178699375,16.487439255846354,0.02
245,434.5648193359375,541.8465576171875,9.67006540298462,10.813633918762207,129.2651824951172,5991.703862660914,77.40609706386773,15.856124148981783,0.02
246,438.03729248046875,575.5753173828125,4.746338248252869,4.942283511161804,126.04241180419922,918.701657458565,30.310091676841974,17.892063750249257,0.02
247,428.85858154296875,799.3936767578125,6.187886714935303,6.909375190734863,93.95207977294922,1846.1908975979895,42.96732360291934,17.134308486488962,0.02
248,422.6956481933594,717.7825927734375,5.794413089752197,6.7374045848846436,112.5,1827.416988416997,42.7482980762626,17.145405855065132,0.02
249,455.96270751953125,915.5753173828125,4.746338248252869,4.942283511161804,53.95758819580078,858.696132596684,29.303517409974592,17.96540123269061,0.02
250,547.4202270507812,129.4225616455078,10.775046825408936,14.72958755493164,56.294734954833984,9299.011549566872,96.431382596989,15.378908032212824,0.02
251,533.4168701171875,229.70437622070312,8.237042427062988,9.663042068481445,99.71102142333984,4045.785310734471,63.60648796101284,16.282492916887048,0.02
252,531.5901489257812,573.5696411132812,7.422931671142578,8.376341342926025,124.18032836914062,2194.677342823241,46.84738352163588,16.946573299638473,0.02
253,533.0615844726562,674.6784057617188,6.104161739349365,7.6719183921813965,22.036537170410156,1944.0398009950295,44.09126672023644,17.078237119646314,0.02
254,528.3670654296875,184.6802978515625,5.707444906234741,9.13182544708252,115.68689727783203,1848.869458128087,42.99848204446393,17.132734379235714,0.02
255,527.8516235351562,438.0643615722656,9.77617359161377,10.763424396514893,90.05924224853516,7003.177105831564,83.68498733842029,15.686762226214565,0.02
256,528.525146484375,790.57861328125,6.154061555862427,7.900145530700684,5.2569050788879395,515.5822002472123,22.706435216634343,18.519255211170197,0.02
257,555.5576782226562,865.8195190429688,8.511861801147461,9.685058116912842,109.07073974609375,3988.4251968503813,63.153980055499126,16.297996371887436,0.02
258,555.0,746.0,4.632993221282959,5.828427076339722,45.0,1031.0876712328754,32.11055389171721,17.766761014982556,0.02
259,551.4334716796875,769.3740844726562,6.008340835571289,8.548959255218506,171.6611328125,1882.3941248469928,43.386566179486856,17.113223603273397,0.02
260,504.2384033203125,663.7216796875,10.912010669708252,13.04332160949707,122.64075469970703,9184.396825396863,95.83525877982937,15.392373400519382,0.02
261,508.2872009277344,615.4482421875,9.611555099487305,9.929813861846924,114.37586975097656,5378.387688984862,73.33749170093603,15.973369739607591,0.02
262,506.1937561035156,754.5234985351562,9.770469665527344,10.425440311431885,179.40512084960938,3671.9762931034784,60.596834018812224,16.387750328349902,0.02
263,508.6900329589844,885.3104248046875,7.674408435821533,9.444527626037598,77.71100616455078,2938.876004592399,54.21140105727207,16.629546842624954,0.02
264,515.80322265625,198.73245239257812,10.026427268981934,12.10075855255127,105.78469848632812,9303.38253638253,96.45404364972228,15.378397803400155,0.02
265,512.784912109375,695.1851806640625,8.841337203979492,10.83280897140503,75.6263198852539,4633.382702702715,68.06895549883745,16.135254567424457,0.02
266,497.87200927734375,50.24691390991211,7.9195427894592285,8.750547409057617,113.9197769165039,3843.441860465129,61.99549871131879,16.33819921023477,0.02
267,498.59649658203125,369.0355529785156,5.746222019195557,8.91219186782837,0.0,926.6328029375873,30.44064393106012,17.88273082443041,0.02
268,502.4649353027344,415.4480895996094,6.095373153686523,8.13989782333374,99.5409927368164,1878.4076827757235,43.340600858498995,17.115525360360003,0.02
269,524.6498413085938,355.62799072265625,6.361568450927734,7.857790470123291,91.27640533447266,2327.175960346969,48.24081218581388,16.882926944964737,0.02
270,331.86004638671875,574.0716552734375,7.940922737121582,9.191742420196533,168.7353515625,3903.1635944700392,62.47530387657221,16.321458114054977,0.02
271,327.2264099121094,73.0,4.970011115074158,6.571775197982788,105.19615936279297,1451.4782608695677,38.09827110079364,17.39547366078485,0.02
272,340.96185302734375,517.1959228515625,18.875564575195312,26.311647415161133,171.02218627929688,67272.3023909987,259.36904670950753,13.230409270892793,0.02
273,334.1298522949219,691.6867065429688,8.865628719329834,9.456995010375977,130.14947509765625,4669.461625282187,68.33345904666459,16.126832973449602,0.02
274,316.6229553222656,227.1983642578125,9.023024082183838,9.84480094909668,102.94841003417969,4810.008849557489,69.35422733732594,16.09463531150282,0.02
275,339.91143798828125,453.2070007324219,7.947681903839111,9.217089176177979,76.0807113647461,3552.7154377880215,59.60465953084559,16.42359894211797,0.02
276,301.630615234375,382.26324462890625,11.260812759399414,18.80659580230713,75.90359497070312,14883.937777777785,121.99974499062604,14.868205385531164,0.02
277,296.20001220703125,156.1999969482422,5.23127293586731,5.931820631027222,45.0,1427.7806191117124,37.7859844269236,17.413346293774428,0.02
278,310.4026794433594,928.8445434570312,12.950237274169922,15.47570514678955,156.22842407226562,13875.384263494983,117.7938209903006,14.9443874518277,0.02
279,396.71588134765625,107.8657455444336,8.72823190689087,9.169525146484375,42.70110321044922,3858.3656884875672,62.11574428828465,16.33399153286185,0.02
280,388.7607727050781,152.9065399169922,10.153101444244385,11.599248886108398,143.79470825195312,6260.4184839044465,79.12280634497519,15.80849158743085,0.02
281,388.59332275390625,531.5933227539062,4.40754771232605,7.561278343200684,141.9324188232422,1310.4076015727478,36.19955250514497,17.506483990669455,0.02
282,411.9560241699219,485.8721008300781,5.582829236984253,8.114680290222168,139.07366943359375,1917.0470879801724,43.78409629055021,17.09341804879233,0.02
283,360.2667541503906,568.830810546875,10.307519435882568,11.586060523986816,86.98199462890625,7645.7798546209815,87.44015012922257,15.591445527007405,0.02
284,361.27362060546875,893.630859375,8.191026210784912,10.088038444519043,105.15422821044922,4199.141255605384,64.80078128854144,16.24209878953154,0.02
285,372.2078552246094,136.3010711669922,9.643046855926514,10.809768676757812,90.0572738647461,6796.025641025626,82.43801089925464,15.71936247807762,0.02
286,383.6712951660156,62.2136344909668,4.884340286254883,5.922217130661011,118.93311309814453,1248.8236877523595,35.33869957641848,17.55874718036824,0.02
287,1873.72900390625,740.2008666992188,12.507290840148926,13.940238952636719,88.23846435546875,14136.556710775068,118.89725274696245,14.924140900607915,0.02
288,1874.5050048828125,801.67236328125,11.32180118560791,16.72207736968994,32.810428619384766,13896.055813953513,117.88153296404622,14.942771125499375,0.02
289,1875.747314453125,115.03020477294922,12.427940368652344,14.694409370422363,27.02179527282715,19033.359550561756,137.96144226037126,14.601211370651725,0.02
290,1875.612060546875,759.2713012695312,7.705294609069824,7.92641019821167,54.42400360107422,2336.6531585220655,48.338940395110704,16.878514368483387,0.02
291,1891.399658203125,811.43115234375,9.563637733459473,10.060061931610107,92.81107330322266,4507.535087719327,67.13817906168835,16.16515220985357,0.02
292,1895.1776123046875,190.79408264160156,8.051747798919678,11.550353050231934,62.4002799987793,5211.723913043505,72.19227045219941,16.007546496892857,0.02
293,1839.81005859375,674.556640625,12.876888275146484,24.176803588867188,50.70112991333008,21496.696753760916,146.61751857728638,14.469070674842314,0.02
294,1833.9066162109375,770.6796875,21.163148880004883,23.65460968017578,88.76873016357422,33834.8042704626,183.94239389130118,13.97659082876286,0.02
295,1836.1710205078125,542.1481323242188,7.843468189239502,9.644972801208496,90.56655883789062,4748.852534562204,68.91191866841471,16.108528290732394,0.02
296,1834.7608642578125,384.2334899902344,7.978888988494873,9.089371681213379,122.36106872558594,4146.943352601171,64.39676507869919,16.255679742685178,0.02
297,1832.5374755859375,496.52581787109375,9.054019927978516,10.501975059509277,36.2122688293457,6057.528773072758,77.8301276696419,15.84426128575078,0.02
298,1841.9207763671875,744.00341796875,11.654313087463379,14.682671546936035,81.60728454589844,5939.400759734097,77.06750780798674,15.865643424528848,0.02
299,1839.7850341796875,860.7816772460938,9.916680335998535,11.62550163269043,179.65377807617188,6144.899581589969,78.38940988162858,15.82871302462799,0.02
300,1826.2559814453125,746.5964965820312,5.444403648376465,7.4381303787231445,63.04663848876953,1234.572519083973,35.13648415940293,17.57120848605353,0.02
301,1820.8748779296875,865.1376953125,6.458263158798218,7.25317907333374,124.51253509521484,1840.005006257823,42.89527953350838,17.137952488417476,0.02
302,1849.6278076171875,332.67926025390625,5.896738529205322,6.449851036071777,133.8181610107422,1706.2727272727352,41.30705420715371,17.219878877113523,0.02
303,1940.062744140625,633.4797973632812,12.106380462646484,16.570964813232422,14.953219413757324,15519.081374321948,124.57560505300364,14.82283497410411,0.02
304,1947.1492919921875,135.6184539794922,6.254181146621704,8.982388496398926,92.96808624267578,2985.9493975903606,54.643841350973496,16.612293891170395,0.02
305,1933.7880859375,824.8917236328125,7.830540180206299,8.846452236175537,53.37445068359375,3667.2746478873305,60.55802711356547,16.389141409584884,0.02
306,1935.2239990234375,528.9817504882812,4.968730926513672,6.311290740966797,111.0052490234375,1221.3484042553173,34.9477954133779,17.582901076702083,0.02
307,1966.5516357421875,111.9254379272461,6.42592191696167,6.98616099357605,163.73776245117188,2223.688295165397,47.155999567026434,16.932315224803467,0.02
308,1968.4466552734375,388.8536682128906,10.559486389160156,11.108621597290039,32.64893341064453,9218.922594142263,96.01522063788774,15.388299578808411,0.02
309,1909.1055908203125,587.0917358398438,16.18183994293213,17.07026767730713,79.08841705322266,65105.04282115877,255.1568984392912,13.265963427789101,0.02
310,1906.440673828125,100.79399108886719,12.979377746582031,18.06324291229248,5.752745628356934,24443.791044776095,156.34510240099016,14.329578593644701,0.02
311,1898.935302734375,739.7422485351562,10.609058380126953,10.978190422058105,82.45896911621094,8412.84728033474,91.72157478115354,15.487642487062544,0.02
312,1897.475341796875,846.1153564453125,8.75792121887207,10.178122520446777,66.34207916259766,4409.299559471372,66.40255687450124,16.189075987564472,0.02
313,1910.523193359375,788.3645629882812,5.7947399616241455,6.773319959640503,52.23666000366211,1618.7772020725533,40.23403039806668,17.277032301478002,0.02
314,1896.06640625,905.9002685546875,9.321834087371826,11.269530296325684,121.62979888916016,5604.302250803856,74.86188783889874,15.928696126043954,0.02
315,1898.0,704.4993896484375,3.0476046726107597,3.07713133841753,148.28256225585938,545.34375,23.352596215410397,18.45832414950469,0.02
316,1723.8056640625,774.110595703125,7.405723571777344,8.742934703826904,105.34614562988281,2853.200474495854,53.41535803957373,16.661669281067162,0.02
317,1725.185302734375,96.95148468017578,7.136291980743408,8.787308692932129,96.6463851928711,2958.1084905660246,54.38849593954612,16.622464755031274,0.02
318,1750.4781494140625,938.8593139648438,7.004659175872803,8.08554983139038,64.8906021118164,2001.7521160822362,44.740944514865085,17.04647425930332,0.02
319,1753.07763671875,571.3421630859375,7.922210693359375,10.259876728057861,133.8429412841797,3814.2053872053802,61.759253454080714,16.34648981196368,0.02
320,1690.1549072265625,938.9679565429688,10.776856899261475,11.740518569946289,104.18739318847656,6587.321464903362,81.16231554670777,15.753227855580569,0.02
321,1679.577880859375,548.7228393554688,15.699052810668945,35.55601501464844,62.35978317260742,43256.09505208349,207.9809968532786,13.709881722753101,0.02
322,1700.358642578125,70.42498016357422,6.101891040802002,7.928871154785156,98.09834289550781,2522.496277915634,50.22445896090503,16.795423664790953,0.02
323,1797.1297607421875,912.3439331054688,7.9615397453308105,8.801857948303223,22.941572189331055,2942.526254375727,54.24505741886285,16.628199133802962,0.02
324,1801.0269775390625,235.30166625976562,9.34234619140625,10.185771465301514,156.09071350097656,5803.839560439577,76.18293483740028,15.890711503929502,0.02
325,1792.32177734375,896.2156982421875,9.218745231628418,12.23072624206543,131.992919921875,5325.146596858627,72.97360205484328,15.984171079896575,0.02
326,1804.0,795.5,4.813986301422119,8.505979061126709,120.91070556640625,1478.256637168146,38.44810316736245,17.375625406005586,0.02
327,1788.5166015625,810.9548950195312,4.936001777648926,5.606844663619995,98.67048645019531,1109.377358490572,33.30731689119633,17.687301754929123,0.02
328,1812.733642578125,428.286376953125,12.487838745117188,13.440963745117188,59.64295196533203,9864.80459770112,99.32172268794537,15.314778782106675,0.02
329,1812.8541259765625,687.18505859375,7.6063127517700195,9.073457717895508,86.09257507324219,3338.519253208855,57.779920848066716,16.4911152871278,0.02
330,1809.250732421875,321.9560852050781,8.969140529632568,10.013362407684326,105.61923217773438,6131.640264026413,78.30479081145938,15.831058331515427,0.02
331,1764.0,539.0,5.309401035308838,7.0,90.0,1608.109961190159,40.10124637950994,17.28421064471312,0.02
332,1765.7178955078125,697.6655883789062,14.180479049682617,14.757078170776367,108.89654541015625,33739.61065943993,183.68345232883644,13.97964983322263,0.02
333,1768.1539306640625,486.783935546875,9.575479984283447,10.719892978668213,89.92047119140625,6856.5984848485095,82.80458009584078,15.709728204038264,0.02
334,1778.4833984375,97.95487213134766,4.936001777648926,5.606844663619995,81.32951354980469,1226.792452830181,35.025597108831434,17.57807226110171,0.02
335,1774.4454345703125,618.6525268554688,5.887096166610718,7.206302165985107,53.13174057006836,1757.5211267605773,41.922799605472164,17.18774861430464,0.02
336,2155.588134765625,664.1226806640625,7.0709967613220215,8.00180721282959,72.62953186035156,2293.390419161675,47.889356011139625,16.89880501531828,0.02
337,2157.40185546875,585.5928344726562,8.309310913085938,10.333531856536865,126.4860610961914,4694.9899665552075,68.5199968370928,16.120913328768566,0.02
338,2172.0908203125,661.6363525390625,5.3346874713897705,5.761555194854736,0.0,1193.2360742705641,34.54324932994237,17.608184063476457,0.02
339,2166.518310546875,342.1276550292969,7.5699591636657715,8.282026767730713,179.79721069335938,3195.0093786635553,56.52441400548577,16.538819656677997,0.02
340,2130.41455078125,67.32124328613281,18.707551956176758,21.02798843383789,89.81791687011719,51744.87960122689,227.47500873992044,13.515331548057055,0.02
341,2115.968017578125,623.8920288085938,9.661333084106445,11.11627197265625,62.32268524169922,7479.804255319119,86.48586159204936,15.615274418422775,0.02
342,2123.907958984375,699.3292236328125,7.897849082946777,9.484616756439209,77.0521469116211,2647.064000000013,51.44962584897983,16.743088895791928,0.02
343,2109.3818359375,152.41970825195312,5.71060848236084,7.442911148071289,32.88590621948242,2195.4949238578556,46.85610871442331,16.946168906696265,0.02
344,2103.25341796875,797.4893798828125,11.767725944519043,17.298660278320312,92.78614807128906,16535.81687612203,128.5916672110679,14.753935864737915,0.02
345,2108.0498046875,825.4561157226562,5.875295639038086,7.065749645233154,81.48193359375,1292.924146649806,35.957254437036845,17.52106738396635,0.02
346,2135.36669921875,185.0,5.162309408187866,6.790321350097656,44.02830123901367,1672.187416331988,40.89238824441522,17.24178762268901,0.02
347,2141.8583984375,668.8339233398438,6.530793905258179,7.384246349334717,46.89948272705078,2069.0693069307017,45.487023500452324,17.010562404179748,0.02
348,2189.006591796875,575.0690307617188,4.456512093544006,5.4328696727752686,139.74720764160156,1074.4545454545441,32.77887346225529,17.72202988127319,0.02
349,2197.564697265625,92.45157623291016,11.536408424377441,11.980979919433594,32.33197784423828,8348.05835010059,91.36770955923427,15.496036310061578,0.02
350,2016.0345458984375,342.9613342285156,8.437809944152832,9.344176769256592,78.68460845947266,2684.1678004535206,51.80895482880851,16.727975844457042,0.02
351,2004.9642333984375,794.5963745117188,5.746192216873169,8.911900043487549,0.0,940.0061881188012,30.659520350436033,17.867173218508725,0.02
352,2032.717529296875,581.627197265625,5.823477506637573,6.615863561630249,141.03414916992188,1774.1406451613002,42.1205489655738,17.177529886012312,0.02
353,2029.4844970703125,180.60528564453125,17.93161678314209,18.996745109558105,51.6070671081543,45489.88950276247,213.28358938925064,13.65521279522995,0.02
354,2022.8182373046875,491.81817626953125,7.4390058517456055,8.080545425415039,135.0,3336.068345323729,57.75870796099692,16.491912651610843,0.02
355,2024.9764404296875,441.7760009765625,8.670995235443115,9.663583755493164,87.7169189453125,4694.8011173184495,68.51861876394219,16.120957001828337,0.02
356,1974.6474609375,215.99447631835938,7.490554332733154,8.942101001739502,162.09954833984375,3544.0268378063047,59.53172967255617,16.42625749499079,0.02
357,1974.4969482421875,590.1552734375,6.168813228607178,7.740973949432373,169.2905731201172,2169.27386934674,46.57546424188104,16.959214037855606,0.02
358,1993.8236083984375,621.4960327148438,6.1453282833099365,7.0018229484558105,85.87155151367188,2087.292035398219,45.68689128621271,17.0010419601237,0.02
359,2081.885009765625,523.7503662109375,8.175548553466797,13.111845970153809,92.49039459228516,5842.364978902915,76.43536471361222,15.883528289164325,0.02
360,2091.585205078125,877.6759643554688,13.714251518249512,18.041939735412598,89.23307800292969,23116.724935732665,152.0418525792575,14.390184236516495,0.02
361,2085.964111328125,740.2119750976562,10.232669830322266,11.802810668945312,49.55534744262695,8410.173195876298,91.70699643907382,15.487987651040639,0.02
362,2089.346435546875,749.8489379882812,6.228646516799927,6.714458703994751,144.78248596191406,1361.4929577464645,36.898414027522435,17.46496150171118,0.02
363,2070.212890625,209.91159057617188,15.29873275756836,21.838850021362305,110.24034881591797,53444.10810810805,231.17981769200367,13.480250415435414,0.02
364,2077.627197265625,277.14483642578125,6.931117534637451,8.936820030212402,122.7885513305664,2557.9608540925256,50.57628746846219,16.78026526514546,0.02
365,2073.396484375,228.95101928710938,5.041483640670776,5.974304437637329,81.86809539794922,1008.0507343124191,31.749814713040752,17.791294024196844,0.02
366,2102.104248046875,517.6986083984375,8.824653148651123,9.142562866210938,79.73187255859375,4082.1728813559166,63.891884315270566,16.272771516793,0.02
367,2100.303955078125,641.6290283203125,9.917218208312988,10.250599384307861,41.26061248779297,6619.920770877972,81.36289554138281,15.74786802072719,0.02
368,2103.787109375,255.92486572265625,6.57228684425354,7.154222011566162,51.912654876708984,2322.764851485146,48.195070821455865,16.884986886037055,0.02
369,2099.95556640625,108.22837829589844,13.925471305847168,19.049663543701172,41.344173431396484,29225.247667514835,170.9539343434799,14.135604499373452,0.02
370,2067.90478515625,242.43310546875,8.122318267822266,10.635529041290283,102.49539947509766,4393.9823008849635,66.28712017341653,16.19285424191353,0.02
371,2062.800048828125,724.4829711914062,9.346998691558838,10.93170690536499,111.56114196777344,6785.506437768228,82.37418550594737,15.721044332825565,0.02
372,2059.207275390625,80.27186584472656,6.658198595046997,7.28162956237793,13.933344841003418,2169.9225967540697,46.582427982599505,16.958889393952568,0.02
373,2058.899658203125,940.1041870117188,8.561633110046387,10.035655975341797,25.991844177246094,3957.4916013437905,62.90859719739259,16.306449995329473,0.02
374,1300.2557373046875,535.3695068359375,6.0870020389556885,8.652442455291748,107.14006042480469,1690.2330456226773,41.11244392665896,17.230133529219806,0.02
375,1297.35595703125,311.5948181152344,6.183462381362915,8.836198329925537,100.67213439941406,2429.119076549192,49.286094149863324,16.836377988387866,0.02
376,1267.6146240234375,743.7040405273438,8.51911211013794,9.998398780822754,118.20752716064453,3289.0746934225317,57.350455041111324,16.50731565942737,0.02
377,1259.026123046875,340.8509216308594,11.255855560302734,13.184992790222168,98.08393859863281,11836.248520710098,108.79452431400257,15.116964811794746,0.02
378,1257.5458984375,876.3806762695312,10.366661548614502,12.033862113952637,84.31452178955078,5026.943531827477,70.90094168505435,16.046739983047512,0.02
379,1252.6390380859375,221.8155059814453,7.1711106300354,7.920378684997559,140.96774291992188,2691.6707021791663,51.88131361269842,16.724945181489915,0.02
380,1279.6353759765625,101.37628173828125,11.911949157714844,13.69139575958252,4.9082417488098145,12189.99518768047,110.40831122556159,15.084991164576733,0.02
381,1286.0,786.5,5.1213202476501465,6.0,0.0,809.4316069057095,28.450511540316977,18.029549602910507,0.02
382,1379.4044189453125,851.4052124023438,6.101128816604614,8.153799533843994,166.52491760253906,1355.0554870530323,36.81107831961776,17.470107302144488,0.02
383,1394.814453125,204.12661743164062,6.87220311164856,9.524523258209229,116.17964935302734,3410.3770491803007,58.39843361923589,16.46799400755834,0.02
384,1162.152587890625,660.9326782226562,15.83107852935791,18.536958694458008,132.9375457763672,36951.205761316814,192.2269641889941,13.880928463745112,0.02
385,1161.8260498046875,160.636962890625,12.209368705749512,13.337408065795898,4.270327568054199,12255.306653809035,110.70368852847241,15.079189543263357,0.02
386,1166.836181640625,710.8068237304688,5.455528736114502,7.709471702575684,8.800688743591309,1343.5329949238512,36.654235702355756,17.479379158883873,0.02
387,1151.49609375,771.8536987304688,5.9435107707977295,6.51172399520874,137.076171875,1206.639791937574,34.736721087885854,17.596055892116496,0.02
388,1139.156005859375,945.9772338867188,21.63579559326172,24.261117935180664,121.33075714111328,58540.72384937247,241.9519040003043,13.38135477966825,0.02
389,1175.7313232421875,725.6838989257812,8.119641780853271,9.177074909210205,62.13643264770508,2981.5727376861614,54.60377951832786,16.61388647812967,0.02
390,1184.0074462890625,772.4617309570312,10.603373050689697,12.014473915100098,161.73240661621094,6962.198574338108,83.43979011441789,15.69313398505197,0.02
391,1170.5323486328125,672.5335693359375,5.981794834136963,7.41015100479126,107.49897766113281,111.70087609509937,10.568863519560624,20.17985855150428,0.02
392,1117.7039794921875,646.8180541992188,6.653565406799316,7.5696282386779785,63.4489860534668,1672.629629629635,40.89779492380531,17.241500535542734,0.02
393,1139.8948974609375,900.8558959960938,6.362443685531616,8.1059250831604,47.47975158691406,1212.8879310344928,34.82654061250547,17.590448313542147,0.02
394,1134.0322265625,232.34381103515625,7.218116760253906,7.510440349578857,10.899370193481445,2298.669512195105,47.944441932252225,16.89630866072126,0.02
395,1230.416015625,488.5080871582031,8.016799926757812,9.26442003250122,100.17285919189453,3719.7091954022762,60.98941871671082,16.37372752917214,0.02
396,1224.5885009765625,855.011474609375,9.701481342315674,12.36715030670166,127.6876449584961,4987.630769230775,70.62316028917691,16.05526426129015,0.02
397,1234.2144775390625,870.3037109375,6.07049036026001,7.274713516235352,62.456050872802734,1008.9158291457279,31.76343541158179,17.790362660379827,0.02
398,1236.6038818359375,345.10150146484375,5.206480979919434,6.2983715534210205,111.35650634765625,1292.8643617021298,35.9564230938247,17.521117589682706,0.02
399,1221.4410400390625,394.4921569824219,11.247629165649414,11.808023452758789,152.5795135498047,11633.05438066466,107.85663809272316,15.13576560429889,0.02
400,1221.2032470703125,776.6552734375,8.20256233215332,9.676046371459961,98.1615219116211,3098.149152542348,55.66102004583053,16.57224419516473,0.02
401,1219.001708984375,221.99354553222656,5.519797086715698,5.540056943893433,134.77175903320312,1345.0442953020247,36.674845538897976,17.478158532855648,0.02
402,1248.48291015625,910.39990234375,7.788608551025391,9.71616792678833,8.66232681274414,1747.8590909091,41.807404737786584,17.193733955723314,0.02
403,1249.9940185546875,820.934814453125,4.451061487197876,5.435713768005371,39.916439056396484,631.6038514442916,25.13172997316921,18.29888807595043,0.02
404,1196.97607421875,544.4446411132812,5.105313539505005,6.456383228302002,164.3061981201172,1362.22310756972,36.90830675565759,17.46437939249129,0.02
405,1191.3465576171875,651.787109375,9.061062812805176,10.39366102218628,69.55720520019531,3877.9956188389915,62.27355473103323,16.328481714751796,0.02
406,1201.880126953125,566.14404296875,7.7987847328186035,10.654183387756348,107.71798706054688,4216.218365061621,64.93241382438836,16.237692260922934,0.02
407,1201.6461181640625,880.214111328125,7.288300514221191,8.514512062072754,129.38095092773438,1636.7933491686417,40.45730279156832,17.26501537077521,0.02
408,1209.9263916015625,695.5812377929688,17.856629371643066,18.605427742004395,95.11747741699219,76151.8276409849,275.9562060200584,13.095799172879277,0.02
409,1211.9073486328125,379.18768310546875,5.246549606323242,9.701845645904541,32.890419006347656,1180.226779252116,34.35442881568716,17.62008633869459,0.02
410,1217.6956787109375,352.7826232910156,5.794413089752197,6.7374045848846436,112.5,1811.559845559852,42.56242292868032,17.154868285777862,0.02
411,1576.3690185546875,448.371337890625,6.280783653259277,7.784881591796875,84.5145492553711,2234.282527881034,47.268197848881805,16.927154776639224,0.02
412,1575.7825927734375,729.6956787109375,5.794413089752197,6.7374045848846436,157.5,1484.1003861003846,38.52402349314496,17.371341804827544,0.02
413,1581.0,116.62285614013672,6.464602708816528,6.833526849746704,90.0,1835.4860759493604,42.84257317143031,17.140622264295104,0.02
414,1575.2108154296875,93.73365783691406,6.570732593536377,7.904237270355225,121.81134033203125,2819.394833948347,53.09797391566223,16.674610250904827,0.02
415,1572.964599609375,697.532470703125,9.297797679901123,9.823503494262695,167.4832000732422,4005.533112582809,63.289281182383554,16.29334918431467,0.02
416,1604.0,60.020755767822266,9.2352294921875,9.720064163208008,90.0,5492.997780244157,74.11476087962612,15.95047644119952,0.02
417,1604.0,859.0,3.001257633790374,3.0030361984390765,67.4720230102539,281.82075471698045,16.787517824770298,19.17506756597347,0.02
418,1608.9100341796875,885.9934692382812,13.368608474731445,19.326358795166016,122.60887145996094,22329.53299057414,149.4306962794932,14.427800899636402,0.02
419,1605.5078125,626.452392578125,5.788084030151367,6.327054977416992,125.46285247802734,1288.734028683175,35.898941888072066,17.524591759746812,0.02
420,1600.1539306640625,309.817138671875,5.807096242904663,7.265260219573975,66.5374755859375,1810.8975979772513,42.55464249617486,17.15526526832143,0.02
421,1599.4534912109375,381.6418762207031,8.375551700592041,9.442327499389648,78.0889892578125,3790.4496036240016,61.56662735300677,16.3532731830006,0.02
422,1620.402587890625,601.2235107421875,18.27303123474121,31.925195693969727,109.337646484375,45986.828114590375,214.44539658055234,13.643416360813566,0.02
423,1613.183837890625,864.6259765625,8.026675701141357,9.369053363800049,105.72364807128906,2645.0183276059397,51.429741663807135,16.743928285867312,0.02
424,1612.0107421875,140.1291046142578,6.925966262817383,7.258270263671875,110.24006652832031,1911.3570536829066,43.71906967997954,17.096645440971017,0.02
425,1613.9810791015625,200.5934600830078,11.281139373779297,11.505096435546875,143.02040100097656,8482.606924643565,92.10106907437918,15.478676643238941,0.02
426,1552.1138916015625,511.2912902832031,7.897197246551514,8.448409080505371,15.700910568237305,2989.312131919898,54.674602256622755,16.611071838285852,0.02
427,1553.71728515625,380.0450439453125,10.085558891296387,12.01172924041748,65.01274871826172,8444.65843621397,91.8948226844906,15.48354477946198,0.02
428,1546.7730712890625,908.6629638671875,9.298544883728027,11.09288215637207,63.88972091674805,4912.93048128346,70.0922997288822,16.071648452887345,0.02
429,1557.5067138671875,842.5119018554688,4.7294827699661255,6.060115098953247,115.33539581298828,326.7829036635085,18.077137595966583,19.01435168144161,0.02
430,1557.0926513671875,53.800331115722656,10.378197193145752,10.727619647979736,12.991009712219238,8278.864067439456,90.98826334994781,15.505073120322177,0.02
431,1544.452392578125,840.5078125,5.788110733032227,6.327046155929565,144.53782653808594,532.4856770833285,23.07565117354933,18.48423017370115,0.02
432,1539.0,78.06322479248047,4.456999182701111,5.426848888397217,40.695743560791016,1155.1986301369907,33.98821310597235,17.64335833692808,0.02
433,1539.92041015625,46.2547492980957,9.337234497070312,11.926815032958984,126.949462890625,6267.182389937108,79.16553789331005,15.807319165280305,0.02
434,1547.0506591796875,391.8060607910156,5.148480415344238,7.0876688957214355,174.4148406982422,896.5584415584453,29.942585752710894,17.918553489964168,0.02
435,1560.203369140625,824.9389038085938,8.577302932739258,10.478614807128906,19.02863311767578,2776.3464912280906,52.69104754346881,16.69131583596262,0.02
436,1655.2418212890625,823.9609375,11.884991645812988,16.38397216796875,173.98512268066406,12918.904021937866,113.66135676621965,15.021935820615091,0.02
437,1652.877197265625,331.8077392578125,11.247077941894531,14.042709350585938,91.56831359863281,10359.750727449078,101.78286067629008,15.261626735752008,0.02
438,1653.0,917.0,4.632993221282959,5.828427076339722,135.0,740.2780821917695,27.20805178971419,18.126512772039845,0.02
439,1653.427978515625,149.78036499023438,6.587409257888794,8.569645881652832,73.95364379882812,1633.8325242718565,40.420694257667776,17.266981157012438,0.02
440,1648.9359130859375,135.34249877929688,11.481532096862793,13.663064956665039,109.64302062988281,14232.382896015537,119.29955111405717,14.91680595218705,0.02
441,1644.142822265625,318.71429443359375,7.070608139038086,9.791467189788818,67.5,2706.32716763005,52.02237179935234,16.71904925686669,0.02
442,1673.003662109375,665.5392456054688,7.224320888519287,9.334654808044434,62.39614486694336,3130.9337979094125,55.95474776915193,16.5608152880853,0.02
443,1676.5,754.0,5.1213202476501465,6.0,90.0,1109.398406374501,33.30763285456505,17.687281155777125,0.02
444,1678.40673828125,169.40667724609375,6.003613471984863,7.274983882904053,135.00006103515625,1834.8153846153873,42.83474506303717,17.14101906759829,0.02
445,1668.8355712890625,232.3134002685547,8.631456851959229,9.38953161239624,97.19282531738281,5286.780790960445,72.71025230983898,15.992021741601148,0.02
446,1623.2855224609375,723.8005981445312,8.385831356048584,10.872973918914795,45.04405212402344,4020.0461538461386,63.40383390494725,16.28942240196194,0.02
447,1621.27783203125,110.01832580566406,7.722580909729004,11.660292625427246,144.2270965576172,3990.3771929824725,63.169432425679375,16.297465126015965,0.02
448,1618.3958740234375,152.57083129882812,9.561368465423584,10.304677486419678,154.07896423339844,5299.209051724174,72.79566643505761,15.989472368500738,0.02
449,1628.46728515625,576.266845703125,7.7565107345581055,10.317638397216797,160.6343994140625,3107.7733934611024,55.74740705594389,16.568876639379624,0.02
450,1613.297607421875,743.878662109375,7.71914005279541,8.509332180023193,17.21430015563965,2616.3713278495707,51.1504772983554,16.75575154709294,0.02
451,1613.73291015625,303.80889892578125,8.371386051177979,8.64168405532837,20.820938110351562,3763.9745958429703,61.3512395623998,16.360883291036,0.02
452,1639.8463134765625,220.0525360107422,7.4088239669799805,11.059188842773438,88.18938446044922,4094.574468085135,63.988862062746,16.26947806489641,0.02
453,1642.2919921875,154.8464813232422,8.870111465454102,9.79836130142212,42.54033279418945,4585.36958934518,67.71535711598352,16.1465641340938,0.02
454,1641.915283203125,708.2793579101562,5.9163899421691895,9.212124347686768,77.53913116455078,1967.8861985472322,44.360863365665374,17.065000050295232,0.02
455,1632.3642578125,746.0466918945312,8.824888706207275,10.103657722473145,116.19212341308594,4037.6061606160365,63.54216049691761,16.28469011405853,0.02
456,1440.361083984375,710.1669921875,8.416046619415283,10.61405324935913,124.73187255859375,3832.0705622932874,61.90372010059886,16.341416256465166,0.02
457,1443.6390380859375,856.970947265625,5.056024551391602,11.646827697753906,90.71200561523438,1150.1436848204175,33.91376836655605,17.64811975210154,0.02
458,1435.915771484375,60.942039489746094,6.902798414230347,7.558840274810791,114.2602767944336,2401.5240443896328,49.00534709998117,16.848782651967646,0.02
459,1465.4771728515625,571.2371826171875,14.213883399963379,16.9286527633667,57.58642578125,14489.881222707452,120.37392251940389,14.89733793634521,0.02
460,1467.960205078125,167.94456481933594,6.9429731369018555,7.705156326293945,80.46233367919922,2241.7274969173886,47.346884764653616,16.92354295278912,0.02
461,1469.3892822265625,526.4667358398438,5.876585006713867,13.397065162658691,91.03767395019531,1885.4321663019655,43.421563379293076,17.111472719841323,0.02
462,1405.9862060546875,804.8670043945312,12.389080047607422,13.858963966369629,146.23187255859375,10480.537799043057,102.3744977962923,15.249041078408371,0.02
463,1407.4844970703125,472.0402526855469,6.942892551422119,9.004008769989014,107.43375396728516,1171.4142011834192,34.225928784817796,17.62822378819073,0.02
464,1408.4998779296875,666.4261474609375,9.691271305084229,10.525148391723633,127.28385925292969,5605.435294117662,74.86945501416223,15.928476640771152,0.02
465,1410.4991455078125,404.0184631347656,5.36472487449646,7.407323837280273,36.83675003051758,1595.8542199488438,39.94814413647828,17.292516959097668,0.02
466,1403.252197265625,544.8748168945312,7.105355739593506,9.126615047454834,110.86058044433594,2744.0938967136026,52.38409965546418,16.70400258032967,0.02
467,1416.2257080078125,484.9966735839844,14.830913543701172,14.9453763961792,4.5070695877075195,31181.427046263358,176.58263517759428,14.065260032029627,0.02
468,1521.9149169921875,502.2548522949219,7.088649749755859,7.803738117218018,150.83013916015625,2206.6951219511975,46.975473621361154,16.94064416256542,0.02
469,1523.8486328125,601.35107421875,8.69846487045288,10.057038307189941,158.87962341308594,4411.236725663708,66.41714180589005,16.18859908878293,0.02
470,1503.149169921875,925.51318359375,7.296333312988281,9.158285140991211,61.511871337890625,1885.8916083915974,43.426853540080444,17.11120817988508,0.02
471,1533.801513671875,578.4735717773438,7.121985912322998,9.024565696716309,118.48179626464844,2682.8944900351635,51.79666485436262,16.728491016136523,0.02
472,1497.2213134765625,98.49166870117188,7.658407688140869,10.933480262756348,48.92854309082031,4491.750279955217,67.02052133455257,16.168960991140054,0.02
473,1492.0,196.06410217285156,4.569287538528442,5.845317602157593,131.7594757080078,1173.7002724795602,34.2593092819975,17.62610698648491,0.02
